Author,First Contrib Date,Contributions
Ameisenigel,"Apr 9th 2020, 09:14",3
Jcharaoui,"Apr 7th 2020, 15:12",3
Vd,"Apr 7th 2020, 12:37",16
VulpesVulpes825,"Apr 6th 2020, 03:08",4
Riley,"Apr 5th 2020, 14:53",4
DC Slagel,"Apr 5th 2020, 12:18",4
Rockclimb,"Apr 5th 2020, 03:25",10
Saamlegend,"Apr 4th 2020, 04:52",2
saamlegend,"Apr 4th 2020, 04:52",2
Ashuro07,"Apr 4th 2020, 01:39",112
JMeybohm,"Apr 1st 2020, 05:53",41
Scardenasmolinar,"Mar 31st 2020, 20:16",32
Robert West,"Mar 31st 2020, 05:22",1
Vidhi-Mody,"Mar 29th 2020, 15:55",32
Burakkorki,"Mar 29th 2020, 08:33",3
Egeakin,"Mar 29th 2020, 07:56",3
Amey Parundekar,"Mar 27th 2020, 07:26",52
Gaura87,"Mar 27th 2020, 05:55",88
Gbahdeyboh,"Mar 25th 2020, 15:46",73
Privacybatm,"Mar 24th 2020, 22:59",8
Lk,"Mar 24th 2020, 12:24",18
Ebru kerem,"Mar 24th 2020, 01:25",3
AlQaholic007,"Mar 22nd 2020, 04:52",111
Dinp2,"Mar 21st 2020, 21:54",14
Matt Cleinman,"Mar 20th 2020, 13:24",53
Ingo Fischer,"Mar 19th 2020, 07:44",1
Monty Taylor,"Mar 16th 2020, 11:45",1
AdhamKhatean,"Mar 14th 2020, 15:29",44
Amr El-Absy,"Mar 12th 2020, 17:59",74
Cicalese,"Mar 12th 2020, 10:36",3
Sir-Lagg-A-Lot,"Mar 11th 2020, 03:42",9
imguozr,"Mar 10th 2020, 15:15",33
Isaacandy,"Mar 10th 2020, 12:59",1
Rohan-cod,"Mar 9th 2020, 09:50",26
williamavery,"Mar 8th 2020, 10:01",5
David Kamholz,"Mar 6th 2020, 15:13",15
ST47,"Mar 4th 2020, 10:52",4
Sanyam.wikime,"Mar 4th 2020, 05:08",53
Cain.Sun,"Mar 4th 2020, 00:52",4
Scheleon,"Feb 27th 2020, 19:31",12
Tingan,"Feb 25th 2020, 08:49",18
Þjarkur,"Feb 22nd 2020, 14:53",3
Shibani Shankar Dash,"Feb 18th 2020, 08:32",6
Karl Wettin,"Feb 18th 2020, 03:06",113
Michal Migurski,"Feb 14th 2020, 07:36",10
Migurski,"Feb 14th 2020, 07:36",8
Heinebold,"Feb 14th 2020, 01:01",10
Superbass,"Feb 13th 2020, 19:15",23
Jim Stathopoulos,"Feb 13th 2020, 09:53",6
BAGArt,"Feb 12th 2020, 10:32",23
Joseph Seddon,"Feb 11th 2020, 21:57",17
sahajsk,"Feb 11th 2020, 19:39",71
Nick Parrott,"Feb 11th 2020, 10:42",3
Prondubuisi,"Feb 11th 2020, 10:22",72
AntonPavlovName,"Feb 11th 2020, 05:53",5
Pieter Partous,"Feb 10th 2020, 20:50",6
Borischess,"Feb 10th 2020, 06:24",3
Klscho,"Feb 9th 2020, 07:49",9
cobaltcigs,"Feb 8th 2020, 07:24",13
poojayadav12,"Feb 7th 2020, 07:55",3
Bkudiess-msft,"Feb 4th 2020, 14:04",11
Eldy,"Feb 4th 2020, 06:38",3
Swayamsvk,"Feb 1st 2020, 12:57",11
Peter Ovchinnikov,"Feb 1st 2020, 05:37",4
Lalit97,"Jan 31st 2020, 05:07",21
Anishagg17,"Jan 29th 2020, 06:19",12
Itamar Givon,"Jan 28th 2020, 02:55",137
Kotovalexarian,"Jan 26th 2020, 09:30",7
soumyaa1804,"Jan 26th 2020, 09:10",6
David Ostrovsky,"Jan 23rd 2020, 15:46",1
Hugh Nowlan,"Jan 23rd 2020, 03:30",392
Akinwale Alagbe,"Jan 22nd 2020, 15:24",484
Praveen Abishek,"Jan 21st 2020, 08:22",2
Wniedzwiedz,"Jan 21st 2020, 04:29",6
Ktasch,"Jan 20th 2020, 13:48",3
Maruf.hossen,"Jan 18th 2020, 06:16",16
Art-Baltai,"Jan 17th 2020, 05:01",1398
Silvan Heintze,"Jan 15th 2020, 04:28",222
peter-ovchyn,"Jan 14th 2020, 13:29",861
Ewa Jozefczuk,"Jan 14th 2020, 05:35",6
Bilijin,"Jan 12th 2020, 17:37",5
Ary1733,"Jan 12th 2020, 03:28",25
Hank Hulet,"Jan 9th 2020, 19:21",2
Dave Pifke,"Jan 9th 2020, 16:50",71
PiefPafPier,"Jan 7th 2020, 06:05",8
Vaibhav singh,"Jan 6th 2020, 11:25",3
Superzerocool,"Jan 5th 2020, 06:26",13
InturiBhargav,"Jan 2nd 2020, 22:16",16
Dwu1011,"Jan 1st 2020, 11:03",3
ptrcnull,"Dec 30th 2019, 14:09",1
Suraj,"Dec 29th 2019, 23:52",6
GCImelody,"Dec 29th 2019, 13:08",3
JeremyNguyenGCI,"Dec 27th 2019, 19:28",27
RishabhL,"Dec 27th 2019, 14:51",36
Aron Manning,"Dec 25th 2019, 06:10",3212
Vedarsh Shah,"Dec 24th 2019, 14:31",3
Yashvarshney02,"Dec 23rd 2019, 06:02",5
Subscriptshoe9,"Dec 22nd 2019, 08:45",99
Thomas Jensen,"Dec 21st 2019, 13:02",3
Nalin Gabriel,"Dec 20th 2019, 21:51",3
M1cr0man,"Dec 20th 2019, 13:05",11
Navratan Gupta,"Dec 19th 2019, 22:07",13
alistair3149,"Dec 19th 2019, 09:59",41
Dmitry,"Dec 18th 2019, 08:11",4
Minh Duc Vo,"Dec 17th 2019, 16:13",72
Antleite2001,"Dec 17th 2019, 11:31",5
Saintyinyin,"Dec 17th 2019, 00:02",9
alexander1,"Dec 15th 2019, 08:52",27
ComputerGuy,"Dec 15th 2019, 05:40",3
RetroCraft,"Dec 14th 2019, 10:58",68
Devansh2002,"Dec 14th 2019, 06:39",21
N3rsti,"Dec 13th 2019, 14:44",116
Jazmin Tanner,"Dec 13th 2019, 07:44",3
Ankita2503,"Dec 12th 2019, 12:17",11
BubblySprout,"Dec 12th 2019, 11:53",45
Zbyszko Papierski,"Dec 12th 2019, 07:34",372
lexnasser,"Dec 11th 2019, 10:52",33
Tobi_406,"Dec 10th 2019, 09:11",19
SD0001,"Dec 9th 2019, 10:20",23
simkawaii,"Dec 9th 2019, 03:21",54
Ab6399,"Dec 7th 2019, 10:20",5
Ayush,"Dec 7th 2019, 09:17",7
Andreas P,"Dec 6th 2019, 12:17",37
Connie Chen,"Dec 6th 2019, 11:05",13
Jamie Barnett,"Dec 5th 2019, 16:55",7
Kretu,"Dec 5th 2019, 03:35",3
Patrick Figel,"Dec 4th 2019, 12:14",2
Safan41,"Dec 3rd 2019, 19:28",34
Leo60228,"Dec 3rd 2019, 16:52",5
Arturek1,"Dec 3rd 2019, 13:05",15
Manuel Alcaraz,"Dec 3rd 2019, 10:18",332
MD Abu Siyam,"Dec 3rd 2019, 10:16",108
brandonxlf,"Dec 2nd 2019, 18:16",256
Crutishnyk,"Dec 2nd 2019, 17:21",125
Apap04,"Dec 2nd 2019, 14:21",32
FDHoho007,"Dec 2nd 2019, 14:15",6
Nick,"Dec 2nd 2019, 13:25",32
IAmNetx,"Dec 2nd 2019, 12:00",307
yashk2k,"Nov 28th 2019, 03:17",4
Jfishback,"Nov 26th 2019, 12:54",2
msu-denver-team,"Nov 24th 2019, 20:09",12
RheingoldRiver,"Nov 22nd 2019, 18:06",64
Kevin Bazira,"Nov 21st 2019, 09:18",693
Mayakp,"Nov 19th 2019, 16:20",6
Balló György,"Nov 19th 2019, 07:46",1
Mnowicka,"Nov 19th 2019, 07:28",14
Maryum Styles,"Nov 18th 2019, 16:27",397
Marcella Florence,"Nov 14th 2019, 10:58",12
Josselin Poiret,"Nov 12th 2019, 05:52",3
zkhalido,"Nov 11th 2019, 17:19",5
Hei314,"Nov 11th 2019, 16:33",2
Bootc,"Nov 11th 2019, 15:24",8
JakePotrebic,"Nov 9th 2019, 12:45",4
Albertvillanovadelmoral,"Nov 9th 2019, 07:45",22
Nisse,"Nov 6th 2019, 13:53",3
Nullzero,"Nov 6th 2019, 11:36",104
Rarysh,"Nov 6th 2019, 10:39",5
Dallas Wisehaupt,"Nov 6th 2019, 10:05",65
jbowen2,"Nov 5th 2019, 09:59",9
Sohom Datta,"Nov 5th 2019, 09:02",217
Lgessler,"Oct 29th 2019, 12:20",4
Kaleem Bhatti,"Oct 27th 2019, 22:54",71
Sakretsu,"Oct 27th 2019, 04:58",7
Jack Tan,"Oct 24th 2019, 23:40",8
lziad,"Oct 21st 2019, 23:04",14
Calebmoses,"Oct 19th 2019, 13:29",3
Esther Akinloose,"Oct 18th 2019, 14:43",234
Peuc,"Oct 17th 2019, 12:28",11
Nikki Nikkhoui,"Oct 15th 2019, 14:34",781
Reuven Lazarus,"Oct 15th 2019, 11:38",837
Edward Tadros,"Oct 11th 2019, 15:55",21
Groceryheist,"Oct 11th 2019, 15:35",15
Chinmaya,"Oct 11th 2019, 10:18",4
Gary Benson,"Oct 11th 2019, 09:03",18
Octfx,"Oct 10th 2019, 07:07",332
Borjianamin,"Oct 5th 2019, 11:16",11
HertzDevil,"Oct 2nd 2019, 09:16",9
Kwanele22,"Oct 2nd 2019, 05:55",4
Varlin,"Oct 1st 2019, 06:57",12
Haipnh.BV,"Sep 30th 2019, 23:08",4
Count Count,"Sep 29th 2019, 00:42",2
Lalitha Nimmaraju,"Sep 26th 2019, 22:14",3
Haritha Mattupalli,"Sep 26th 2019, 22:00",4
111Bhanuprakash,"Sep 26th 2019, 21:59",3
Arshia Md,"Sep 26th 2019, 21:59",3
Savitha,"Sep 26th 2019, 21:48",3
I'm Irfan,"Sep 26th 2019, 21:20",3
RhinosF1,"Sep 26th 2019, 14:52",232
Camille de Nes,"Sep 26th 2019, 10:04",113
Wolfgang Fahl,"Sep 26th 2019, 07:39",17
Martin Gerlach,"Sep 25th 2019, 08:54",13
Masumrezarock100,"Sep 21st 2019, 23:52",83
GlazerMann,"Sep 16th 2019, 16:45",4
Golls,"Sep 15th 2019, 07:17",1
Iijima Yun,"Sep 15th 2019, 03:17",13
RogueScholar,"Sep 12th 2019, 14:57",2
John Bennett,"Sep 12th 2019, 07:58",3
Benjamin Possolo,"Sep 12th 2019, 02:10",1
nn1l2,"Sep 10th 2019, 19:47",69
Alex Paskulin,"Sep 5th 2019, 07:16",130
Dashrath,"Sep 4th 2019, 22:16",11
Uostofchuodnego,"Sep 4th 2019, 09:29",3
Jenya Punchenko,"Aug 30th 2019, 03:30",177
Sadok Cervantes,"Aug 29th 2019, 14:45",3
Thea Skaff,"Aug 29th 2019, 08:41",3
Tks4Fish,"Aug 28th 2019, 16:08",7
jrbranaa,"Aug 27th 2019, 16:53",2
Jpita,"Aug 21st 2019, 04:54",59
Don-vip,"Aug 18th 2019, 07:23",57
Anne Tomasevich,"Aug 16th 2019, 10:44",875
RonnieV,"Aug 15th 2019, 04:37",4
Xxmarijnw,"Aug 15th 2019, 00:49",12
TZdybel,"Aug 14th 2019, 07:21",6
RiskNerd,"Aug 11th 2019, 21:55",28
94rain,"Aug 11th 2019, 07:00",1
Hieu Pham,"Aug 9th 2019, 06:09",484
K9YYY,"Aug 8th 2019, 00:16",8
Idrisz19,"Aug 7th 2019, 17:33",11
MJL,"Aug 7th 2019, 09:04",29
Ssingh,"Aug 6th 2019, 14:56",249
viztor,"Aug 2nd 2019, 20:14",100
Andrii Moshurenko,"Aug 1st 2019, 07:06",8
Pija,"Jul 31st 2019, 05:44",4
Sharptrick,"Jul 30th 2019, 22:01",31
edderso,"Jul 30th 2019, 10:56",6
DavideAlberani,"Jul 27th 2019, 06:29",3
Megan Neisler,"Jul 25th 2019, 10:29",12
Will Doran,"Jul 24th 2019, 11:28",57
Mukete,"Jul 24th 2019, 07:40",5
Wugapodes,"Jul 20th 2019, 13:47",666
Michael Phan,"Jul 20th 2019, 11:07",1
Sulley,"Jul 17th 2019, 16:33",1
Lens0021,"Jul 16th 2019, 02:54",140
Mikehenrty,"Jul 12th 2019, 22:42",3
Kongweimin,"Jul 11th 2019, 00:43",11
Snaevar,"Jul 10th 2019, 13:23",5
Smumcu,"Jul 5th 2019, 11:58",4
The-Voidwalker,"Jul 4th 2019, 20:36",4
Andy Craze,"Jul 3rd 2019, 13:57",688
Abdoulayewiki,"Jul 2nd 2019, 05:35",3
Ashawley,"Jul 1st 2019, 20:58",6
pt1979,"Jul 1st 2019, 15:58",1
Marwanch,"Jun 27th 2019, 12:44",6
Paul Charlton,"Jun 26th 2019, 07:38",5
Mr.DevoEvo,"Jun 24th 2019, 14:45",8
Taavi Väänänen,"Jun 24th 2019, 08:55",267
hamtosky26,"Jun 22nd 2019, 05:29",3
Sunboy005,"Jun 22nd 2019, 05:26",3
Fsuperbee13,"Jun 22nd 2019, 05:21",3
Adetoun16,"Jun 22nd 2019, 05:20",3
Codefreakie,"Jun 22nd 2019, 05:19",3
Timoy93,"Jun 22nd 2019, 05:19",3
Krumpnificent,"Jun 22nd 2019, 05:18",3
Townie,"Jun 20th 2019, 11:11",52
Tsevener,"Jun 18th 2019, 05:42",85
Srikanthrsr,"Jun 13th 2019, 22:10",9
Madwarakshay,"Jun 13th 2019, 06:16",31
j-perl,"Jun 13th 2019, 03:27",4
Peb,"Jun 12th 2019, 10:42",10
Балабанов Виталий Геннадьевич,"Jun 11th 2019, 06:31",3
Rbaszak230509,"Jun 7th 2019, 02:54",3
Jrbranaa,"Jun 3rd 2019, 10:50",4
Jason Hedden,"May 30th 2019, 07:16",2338
Katy,"May 29th 2019, 05:42",3
Johnlight,"May 29th 2019, 05:31",3
Koffi.noel,"May 29th 2019, 05:28",7
Yjolivier,"May 29th 2019, 05:24",3
Jonas98,"May 29th 2019, 05:24",3
Seantime,"May 27th 2019, 10:57",210
Paul Bouaffou,"May 23rd 2019, 14:53",19
Pavithra Eswaramoorthy,"May 23rd 2019, 05:59",10
Gopala Krishna A,"May 22nd 2019, 00:33",27
 Ostrzyciel Nożyczek ,"May 17th 2019, 07:00",184
examknow@xtremebnc.ml,"May 16th 2019, 19:22",3
Benwing,"May 16th 2019, 18:48",1
Gs975318642,"May 15th 2019, 22:58",3
Jeremiasz,"May 15th 2019, 16:32",3
Szynal,"May 14th 2019, 16:30",2
vladi2016,"May 12th 2019, 15:58",16
Xin Chen,"May 11th 2019, 19:05",8
Tam-edwin-microsoft,"May 11th 2019, 18:00",6
MaryRosedeVega,"May 10th 2019, 23:04",1
Dana Powers,"May 10th 2019, 06:54",1
MIke Nicosia,"May 9th 2019, 08:24",13
 Iván Hernández Cazorla ,"May 8th 2019, 17:35",16
Tomás Bolaño,"May 8th 2019, 16:07",55
Michal Marble,"May 8th 2019, 12:34",3
Agarwal.vishal,"May 6th 2019, 00:58",3
Dan1wang,"May 5th 2019, 21:23",94
Examknow,"May 3rd 2019, 15:02",46
WSViktorS,"May 3rd 2019, 01:38",3
Jesse Kwaks,"May 3rd 2019, 01:26",4
Harumi Monroy,"May 1st 2019, 16:50",228
TheSandDoctor,"May 1st 2019, 16:41",279
Navino Evans,"Apr 30th 2019, 01:44",677
DmitriyShevliakov,"Apr 30th 2019, 00:46",177
Test User,"Apr 23rd 2019, 11:31",1
Igor Kim,"Apr 22nd 2019, 09:22",376
AlexPinchuk,"Apr 16th 2019, 09:55",889
tools.extjsonuploader,"Apr 15th 2019, 02:43",1
Sarhan,"Apr 10th 2019, 12:57",7
Sascha,"Apr 8th 2019, 07:38",4
NoamDev,"Apr 6th 2019, 11:51",2
Maximilian Marx,"Apr 4th 2019, 06:17",6
Shivanshbindal9,"Apr 2nd 2019, 07:44",175
Usmanmuhd,"Mar 31st 2019, 07:51",113
artrix,"Mar 26th 2019, 11:11",60
Meshvogel,"Mar 25th 2019, 00:03",12
DannyS712,"Mar 20th 2019, 22:19",18425
813gan,"Mar 19th 2019, 14:55",34
Mill,"Mar 18th 2019, 22:25",1
Antoine Beaupré,"Mar 18th 2019, 07:32",23
Ankita Mandal,"Mar 14th 2019, 11:32",213
Jerop Brenda,"Mar 13th 2019, 01:14",201
Nikitrain,"Mar 10th 2019, 01:25",619
Nikhil07prakash,"Mar 9th 2019, 08:11",49
Natalia Harateh,"Mar 7th 2019, 13:48",16
Tigerfell,"Mar 6th 2019, 16:27",41
Ben Rohlfs,"Mar 5th 2019, 11:58",1
Corinna Hillebrand,"Mar 5th 2019, 07:53",12
Viveknuance,"Mar 5th 2019, 01:35",3
Olena Stoliarova,"Mar 3rd 2019, 10:26",53
Slk500,"Mar 2nd 2019, 10:10",5
manjiki,"Mar 1st 2019, 06:57",2
01miki10,"Feb 28th 2019, 05:16",5
Veerendratholeti,"Feb 28th 2019, 01:48",8
Abijeet Patro,"Feb 28th 2019, 01:10",4285
ha78na,"Feb 27th 2019, 15:02",186
Gobiitachi,"Feb 27th 2019, 02:17",24
Laasya sree,"Feb 26th 2019, 04:09",14
Jacek Duszenko,"Feb 23rd 2019, 09:32",30
nivas10798,"Feb 22nd 2019, 22:56",6
Asrija1,"Feb 22nd 2019, 22:23",5
B leelasai,"Feb 22nd 2019, 22:23",16
Sri Lekha Pathakamuri,"Feb 22nd 2019, 21:44",8
Naga sai sravanth,"Feb 22nd 2019, 21:37",7
MNavya,"Feb 22nd 2019, 21:34",7
HarikaMekala,"Feb 22nd 2019, 21:29",28
suswethak,"Feb 22nd 2019, 21:28",13
Qzekrom,"Feb 22nd 2019, 17:23",2
Sshambar,"Feb 22nd 2019, 16:02",21
Sumanth699,"Feb 22nd 2019, 09:31",35
Setian,"Feb 21st 2019, 23:38",36
Antonin Delpeuch,"Feb 21st 2019, 02:00",38
Ananth subray,"Feb 21st 2019, 01:32",93
FR30799386,"Feb 19th 2019, 10:29",87
opara_prosper,"Feb 19th 2019, 06:59",17
Okonkwo ifeanyichukwu,"Feb 18th 2019, 07:10",4
Isaac Johnson,"Feb 15th 2019, 11:24",131
أحمد,"Feb 12th 2019, 15:41",10
Changcheng Xiao,"Feb 11th 2019, 13:15",1
David Pursehouse,"Feb 11th 2019, 13:15",9
Marco Miller,"Feb 11th 2019, 13:15",2
julia.glen,"Feb 9th 2019, 11:27",78
Holger Knust,"Feb 8th 2019, 15:06",474
Arexnj,"Feb 8th 2019, 04:23",10
Brennen Bearnes,"Feb 7th 2019, 15:43",889
Alaa Sarhan,"Feb 6th 2019, 09:08",3030
Stewart Alpert,"Feb 1st 2019, 23:27",3
Eric Gardner,"Jan 29th 2019, 15:59",1550
Oliver Maksimovic,"Jan 29th 2019, 10:59",4
Kaushik Reddy,"Jan 25th 2019, 23:00",14
Sayant Mahato,"Jan 24th 2019, 02:03",4
Noa wmde,"Jan 24th 2019, 01:47",860
Arasakumarars,"Jan 23rd 2019, 02:14",3
Hemandhkumarj1,"Jan 23rd 2019, 01:43",3
Rauppath,"Jan 22nd 2019, 22:14",15
Drishya Ramesh,"Jan 22nd 2019, 05:42",64
Ammar,"Jan 20th 2019, 22:21",2278
Alexis Jazz,"Jan 17th 2019, 17:37",1
Daniel schuerhoff,"Jan 17th 2019, 06:28",4
Clarakosi,"Jan 15th 2019, 15:55",1092
Daegontaven,"Jan 14th 2019, 16:22",4
Luca Mauri,"Jan 13th 2019, 01:24",85
Purdea Andrei,"Jan 12th 2019, 20:30",9
anyijonathan,"Jan 11th 2019, 02:58",29
Jbond,"Jan 8th 2019, 08:15",13165
Leandroarcos,"Jan 7th 2019, 05:02",6
Thomas Schüttler,"Jan 4th 2019, 13:09",1
Maciej.radaszewski,"Jan 4th 2019, 03:08",3
Arianna Story,"Dec 24th 2018, 13:05",11
mahveotm,"Dec 19th 2018, 07:39",102
anysite,"Dec 17th 2018, 02:22",50
Christine Stone,"Dec 13th 2018, 12:43",721
Lê Duy Quang,"Dec 9th 2018, 17:45",27
Robingan7,"Dec 9th 2018, 12:39",47
Chunliang Lyu,"Dec 9th 2018, 12:22",27
Maze,"Dec 9th 2018, 07:28",7
Gerrituser,"Dec 7th 2018, 23:09",7
Meneth,"Dec 7th 2018, 13:13",7
Trung,"Dec 4th 2018, 11:16",6
stella,"Dec 1st 2018, 12:17",88
YVB,"Nov 30th 2018, 18:52",54
Sunyiming,"Nov 30th 2018, 06:39",5
Jeena Huneidi,"Nov 29th 2018, 13:32",913
To matih,"Nov 28th 2018, 10:18",26
Mamert,"Nov 28th 2018, 05:19",4
Ahipeau,"Nov 24th 2018, 03:22",5
GildasQ,"Nov 21st 2018, 04:02",18
Nouman Saleem,"Nov 18th 2018, 11:48",64
Wohlstand,"Nov 17th 2018, 15:53",16
Nils ANDRE,"Nov 17th 2018, 05:25",38
Utkarshumashanker,"Nov 15th 2018, 23:22",4
Pjht,"Nov 15th 2018, 13:40",69
Awah Nadege,"Nov 15th 2018, 12:56",5
Mischanix,"Nov 14th 2018, 19:12",40
PuneethChanda,"Nov 14th 2018, 05:21",7
Harshithpabbati,"Nov 13th 2018, 09:28",28
Wolverine17,"Nov 9th 2018, 22:30",10
Mustaq Ahammad,"Nov 9th 2018, 08:13",16
Nithin999,"Nov 9th 2018, 04:53",3
Jason Linehan,"Nov 8th 2018, 08:42",325
Akhilkg,"Nov 8th 2018, 08:22",3
takidelfin,"Nov 7th 2018, 07:37",512
Sebastien Santoro,"Nov 6th 2018, 16:08",1
Chris Danis,"Nov 5th 2018, 10:43",4866
Fsero,"Nov 5th 2018, 10:25",1868
Vishwaak,"Nov 5th 2018, 08:49",15
Michael Große,"Nov 5th 2018, 04:30",6432
Lohitha,"Nov 4th 2018, 11:14",9
Vijay9908,"Nov 4th 2018, 03:58",27
Anandh18500,"Nov 4th 2018, 03:45",10
Padthai,"Nov 4th 2018, 03:11",6
laasyasree,"Nov 4th 2018, 03:11",18
Yash Khare,"Nov 3rd 2018, 12:05",7
Anne Gomez,"Nov 1st 2018, 09:44",1
ephemeralwaves,"Oct 30th 2018, 16:35",328
Artbarte,"Oct 30th 2018, 08:36",11
stibba,"Oct 28th 2018, 03:30",203
Arcayn,"Oct 28th 2018, 02:51",530
Mogmog123,"Oct 28th 2018, 02:45",157
Pipix,"Oct 28th 2018, 01:34",132
shandrenkoff,"Oct 27th 2018, 17:19",12
Goomel,"Oct 25th 2018, 23:35",4
Mz83ude,"Oct 25th 2018, 04:10",3
WaqarAhmad,"Oct 25th 2018, 00:20",6
Marcelonoliveira90,"Oct 24th 2018, 13:26",8
Bjornskjald,"Oct 24th 2018, 08:56",314
Nathan_fraignt,"Oct 24th 2018, 07:06",679
Flutterish,"Oct 23rd 2018, 13:40",161
Shreyasminocha,"Oct 23rd 2018, 13:30",561
JasMich.de,"Oct 23rd 2018, 10:44",15
Elukey,"Oct 23rd 2018, 06:54",5
HerrTaschenbier,"Oct 20th 2018, 08:54",8
Juan Osorio,"Oct 17th 2018, 11:27",190
thifranc,"Oct 16th 2018, 14:29",29
Cas Rusnov,"Oct 16th 2018, 10:52",3859
Lars Wirzenius,"Oct 16th 2018, 09:26",419
didi,"Oct 15th 2018, 13:33",188
Atierant,"Oct 12th 2018, 01:53",6
Remi Collet,"Oct 9th 2018, 15:30",1
Farida,"Oct 7th 2018, 23:02",140
edin,"Oct 5th 2018, 12:24",3
Benoit Plessis,"Oct 2nd 2018, 06:10",22
Djkonro,"Sep 29th 2018, 05:52",22
Carsten Schmitz,"Sep 27th 2018, 11:23",37
Tomáš Pelák,"Sep 24th 2018, 03:42",15
Paarmita,"Sep 22nd 2018, 13:00",13
Rua,"Sep 19th 2018, 04:36",13
Scott Bassett,"Sep 18th 2018, 14:55",1377
Monperrus,"Sep 10th 2018, 10:59",5
Xi,"Sep 9th 2018, 08:43",10
Saurab0512,"Sep 6th 2018, 10:25",3
Stefaan Lippens,"Sep 5th 2018, 02:57",44
Giovanni Tirloni,"Sep 4th 2018, 13:52",1969
Javalong,"Sep 3rd 2018, 20:51",11
Wjddms206,"Sep 3rd 2018, 06:36",8
Agabi10,"Aug 30th 2018, 06:35",118
Quangthong81,"Aug 29th 2018, 02:18",1
Balazs Pocze,"Aug 27th 2018, 07:15",1785
Mathew Onipe,"Aug 23rd 2018, 01:21",3883
Cole White,"Aug 21st 2018, 11:51",3830
1-Byte,"Aug 19th 2018, 12:13",6
Acamicamacaraca,"Aug 18th 2018, 11:57",327
Wang Qiliang (Jeff Wang),"Aug 17th 2018, 05:03",36
Ankry,"Aug 16th 2018, 11:22",10
Christian Wia (Wladek92),"Aug 16th 2018, 10:17",2
Litzsch,"Aug 15th 2018, 01:15",14
effie mouzeli,"Aug 14th 2018, 07:58",3036
Mh-3110,"Aug 12th 2018, 14:47",116
Rwalle61,"Aug 12th 2018, 10:58",4
Mohab Fekry,"Aug 8th 2018, 00:35",13
Chris Barnard,"Aug 7th 2018, 09:33",3
MR70,"Aug 3rd 2018, 16:10",250
Darien cot,"Aug 2nd 2018, 10:36",6
Jc86035,"Aug 1st 2018, 04:59",15
Urfiner,"Aug 1st 2018, 04:38",8
Aezell,"Jul 31st 2018, 08:43",253
Hector Oswaldo Caballero,"Jul 30th 2018, 14:14",1
Hugo Arès,"Jul 30th 2018, 14:14",3
NessunKim,"Jul 29th 2018, 08:39",8
Hung Hoang,"Jul 26th 2018, 03:10",8
GVictorG7,"Jul 24th 2018, 06:54",3
Jean-Yves Le Gallou,"Jul 20th 2018, 00:47",1
Reedy,"Jul 17th 2018, 15:35",3
tools.wm-commons-emoji-bot,"Jul 14th 2018, 18:35",2
Saint Johann,"Jul 12th 2018, 13:56",135
Antoine Mercier-Linteau,"Jul 11th 2018, 23:47",107
D063520,"Jul 10th 2018, 09:07",28
BPirkle,"Jul 9th 2018, 19:17",1321
Mahir256,"Jul 9th 2018, 16:50",6
Balaji030698,"Jul 9th 2018, 07:19",3
Rex4539,"Jul 7th 2018, 07:46",4
Nick Ray,"Jul 5th 2018, 16:24",4864
MeetGadhiya,"Jul 2nd 2018, 23:53",6
Veeru,"Jul 2nd 2018, 23:47",21
238482n375,"Jul 1st 2018, 08:55",3
Vvjjkkii,"Jun 30th 2018, 18:19",1
Ivacheto 25,"Jun 29th 2018, 11:02",3
ValeryanM,"Jun 28th 2018, 13:13",147
Prabhat,"Jun 28th 2018, 12:57",2
Jdgray,"Jun 28th 2018, 11:48",7
Annayoungyeun,"Jun 27th 2018, 18:41",8
Mikepipo,"Jun 26th 2018, 11:18",3
Feelingfenny,"Jun 24th 2018, 09:27",3
RileyBugz,"Jun 24th 2018, 09:14",5
Jack who built the house,"Jun 20th 2018, 12:28",1
Mateus Santos,"Jun 20th 2018, 07:33",2467
Pboehm,"Jun 19th 2018, 02:39",1164
Peter Böhm,"Jun 19th 2018, 02:39",674
Tuxin,"Jun 17th 2018, 04:54",3
Debenben,"Jun 17th 2018, 04:23",14
Jeffrey Walton,"Jun 16th 2018, 11:50",1
Raj,"Jun 16th 2018, 11:19",6
Dnvjdvsj,"Jun 15th 2018, 02:09",5
Kosta Harlan,"Jun 12th 2018, 20:19",8671
Elhuyar Fundazioa,"Jun 12th 2018, 01:05",103
Kosarajugopikrishna,"Jun 9th 2018, 07:54",3
EdSchouten,"Jun 7th 2018, 05:22",12
Wesalius,"Jun 4th 2018, 07:09",36
Pj,"Jun 4th 2018, 05:37",2
Chandelpankaj,"Jun 4th 2018, 04:57",8
Kris Field,"Jun 3rd 2018, 11:28",93
VitoFrancisco,"Jun 2nd 2018, 10:13",1
Udi Oron,"May 29th 2018, 14:03",6
redouane,"May 29th 2018, 06:20",8
Sunhongliang,"May 27th 2018, 22:03",2
Sebastian.Schmid,"May 23rd 2018, 06:49",33
Rotem Liss,"May 22nd 2018, 12:48",4
xiplus,"May 21st 2018, 22:20",27
chasse20,"May 19th 2018, 12:09",26
PeterTheOne,"May 18th 2018, 14:44",30
bawolffa,"May 18th 2018, 11:49",105
Adam Johanes,"May 18th 2018, 11:42",28
John Faluda,"May 18th 2018, 11:20",80
Severino Mateus Jr.,"May 18th 2018, 11:06",4
Julien.Schmidt,"May 18th 2018, 05:29",4
Karan Dhingra,"May 16th 2018, 01:06",12
Hagar Shilo,"May 15th 2018, 08:26",263
Wichall,"May 14th 2018, 03:30",5
Cirdan,"May 13th 2018, 06:19",9
LOANERWMF1354,"May 8th 2018, 07:58",2
Candalua,"May 3rd 2018, 14:22",97
Virginia.weidhaas,"May 3rd 2018, 10:44",2
moritz.finke,"May 3rd 2018, 09:38",2
Felixniemeyer,"May 3rd 2018, 05:48",2
Matthias Geisler,"May 3rd 2018, 04:01",4843
Pawan,"May 2nd 2018, 02:21",5
Pavanyalamanchi,"May 2nd 2018, 00:13",8
Runntb,"May 1st 2018, 14:01",3
Wizard,"Apr 30th 2018, 01:12",3
Anna.d92,"Apr 29th 2018, 07:12",51
Vijayt,"Apr 28th 2018, 06:54",7
DovAlp,"Apr 27th 2018, 16:56",38
Tojoj,"Apr 23rd 2018, 07:48",5
manoj,"Apr 22nd 2018, 12:14",7
Superyetkin,"Apr 21st 2018, 14:26",69
Wangxinalex,"Apr 20th 2018, 00:40",8
Tim Eulitz,"Apr 19th 2018, 06:52",526
RV1971,"Apr 18th 2018, 14:27",3
Krabina,"Apr 17th 2018, 01:10",5
Ray,"Apr 13th 2018, 00:14",1
AndreG-P,"Apr 12th 2018, 07:21",115
BeeBringer,"Apr 11th 2018, 11:18",9
Mathieu Alorent,"Apr 10th 2018, 13:45",4
زكريا,"Apr 4th 2018, 04:33",2
Guycn2,"Mar 30th 2018, 13:34",257
Albin Larsson,"Mar 29th 2018, 12:45",14
Jrdnch,"Mar 28th 2018, 08:51",7
yasmineSidhom,"Mar 26th 2018, 06:07",10
Kevin py,"Mar 25th 2018, 13:30",6
Amit Joki,"Mar 23rd 2018, 11:52",123
Wiki13,"Mar 21st 2018, 03:32",2
simetrical,"Mar 20th 2018, 07:28",4099
Florryinn,"Mar 19th 2018, 20:41",3
Tobias Henkel,"Mar 16th 2018, 03:32",3
Mrcornacchio,"Mar 15th 2018, 18:31",17
Sturmkrahe,"Mar 15th 2018, 17:46",18
Bkybala9,"Mar 14th 2018, 12:04",2
Dannenberge,"Mar 14th 2018, 11:23",10
Rubén Durán,"Mar 14th 2018, 02:02",181
xenoryet,"Mar 13th 2018, 10:33",3
Rg4amia,"Mar 12th 2018, 02:02",7
Ahmed123,"Mar 10th 2018, 14:42",26
Zgatwikitech,"Mar 9th 2018, 05:48",6
Priyanshu varshney,"Mar 7th 2018, 02:04",171
Ebjune,"Mar 6th 2018, 12:02",3
Prssanna,"Mar 3rd 2018, 04:24",143
AdityaJ,"Mar 3rd 2018, 00:29",94
Doannguyen,"Mar 2nd 2018, 19:53",8
Sahil505,"Mar 1st 2018, 20:46",341
Raz Shuty,"Mar 1st 2018, 03:30",23
Nfontes,"Feb 26th 2018, 15:10",7
Jehovahsays,"Feb 25th 2018, 20:51",6
Sau226,"Feb 25th 2018, 06:30",133
Dupont,"Feb 21st 2018, 16:11",1
Jaziel Pauda,"Feb 20th 2018, 20:48",9
Dmattern,"Feb 19th 2018, 15:02",33
Alhassane,"Feb 19th 2018, 09:08",6
Artem Tiumentcev,"Feb 18th 2018, 19:19",2
Zenacode,"Feb 17th 2018, 07:24",8
Opentechno,"Feb 17th 2018, 07:18",22
Fkobon,"Feb 17th 2018, 07:16",66
Nikhil-nk,"Feb 16th 2018, 06:10",346
Ebba Aniansson,"Feb 12th 2018, 04:18",141
Vgutierrez,"Feb 12th 2018, 03:28",14522
Gopa Vasanth,"Feb 11th 2018, 02:53",1153
Yashdeep97,"Feb 9th 2018, 03:09",229
Victor Seva,"Feb 5th 2018, 01:26",4
Sprea27,"Feb 4th 2018, 03:29",6
HunterH,"Feb 2nd 2018, 08:09",49
Bodhisattwa,"Feb 2nd 2018, 02:49",85
Dheerajmalisetty,"Feb 1st 2018, 06:49",7
Brooke Storm,"Jan 30th 2018, 09:52",8914
Navisk13,"Jan 30th 2018, 07:44",4
Sooraz,"Jan 28th 2018, 10:09",3
JaydenKieran,"Jan 26th 2018, 09:10",4
Li Song,"Jan 26th 2018, 08:33",24
Balkis.khouni,"Jan 24th 2018, 07:16",3
Kaganer,"Jan 22nd 2018, 09:16",3
JJMC89,"Jan 20th 2018, 09:44",413
Pamputt,"Jan 19th 2018, 13:11",5
Mahrukh,"Jan 19th 2018, 04:12",4
Tonina Zhelyazkova,"Jan 17th 2018, 07:03",2187
Hfeniser2,"Jan 17th 2018, 01:17",8
Bbringenberg,"Jan 16th 2018, 06:52",3
Jan Kundrát,"Jan 15th 2018, 00:40",1
Saraedum,"Jan 14th 2018, 10:19",3
Biplab Anand,"Jan 12th 2018, 21:46",30
Himanshuc3,"Jan 10th 2018, 11:35",22
grammarbot,"Jan 9th 2018, 13:31",1
Northway,"Jan 9th 2018, 07:07",5
Salesone,"Jan 9th 2018, 05:44",6
Yuvraj dighe,"Jan 8th 2018, 05:10",5
Markusguenther,"Jan 8th 2018, 01:26",5
BamLifa,"Jan 3rd 2018, 12:01",10
Anpans,"Dec 30th 2017, 06:15",32
OmkarJ,"Dec 29th 2017, 12:48",89
Eisenhaus335,"Dec 27th 2017, 06:17",131
StudentSydney,"Dec 22nd 2017, 05:36",38
Evad37,"Dec 22nd 2017, 00:35",152
Boboivancich,"Dec 19th 2017, 20:02",11
clockery,"Dec 19th 2017, 07:49",96
Brian Roadifer,"Dec 19th 2017, 07:37",2
Serraboof,"Dec 19th 2017, 07:37",10
Jonathanischoice,"Dec 18th 2017, 17:53",5
Jewtandr888,"Dec 14th 2017, 13:25",6
Allen Shaw,"Dec 13th 2017, 21:50",2
Notartom,"Dec 11th 2017, 11:39",13
SaikrishnaS,"Dec 11th 2017, 00:46",17
slashme,"Dec 8th 2017, 14:42",14
Cocoa,"Dec 6th 2017, 22:17",4
ConnyDuck,"Dec 6th 2017, 13:54",4
Lengyue,"Dec 2nd 2017, 08:00",13
Ryan10145,"Dec 1st 2017, 16:24",247
AntoniSiek,"Nov 29th 2017, 13:08",16
Androbin,"Nov 29th 2017, 13:05",25
Zwliew,"Nov 28th 2017, 22:47",17
Daneel,"Nov 27th 2017, 03:19",3
MawaruNeko,"Nov 24th 2017, 06:30",5
MigDinny,"Nov 22nd 2017, 13:10",9
Imarlier,"Nov 22nd 2017, 09:02",1389
Philipp Miguel Pirzer,"Nov 16th 2017, 05:40",405
Daimona,"Nov 7th 2017, 10:53",24063
Shannon Bailey,"Nov 6th 2017, 17:52",2215
Marcus-crane,"Nov 4th 2017, 15:43",6
Byresh,"Nov 4th 2017, 04:24",3
Valerio Bozzolan,"Nov 2nd 2017, 18:34",19
Judios,"Oct 31st 2017, 11:07",23
vijeth.aralaguppi,"Oct 30th 2017, 14:35",8
aborrero,"Oct 30th 2017, 08:22",9461
=,"Oct 27th 2017, 17:05",4
Jgleeson,"Oct 27th 2017, 17:05",2391
LevineHuang,"Oct 27th 2017, 10:52",1
Magnus Österlund,"Oct 26th 2017, 01:27",1
Maroof Haque,"Oct 25th 2017, 12:41",1
Mhaque,"Oct 25th 2017, 12:41",2
JakobVoss,"Oct 25th 2017, 04:21",8
Vinodh143,"Oct 22nd 2017, 00:47",3
Groovier,"Oct 17th 2017, 12:06",95
Porplemontage,"Oct 11th 2017, 07:40",22
ThomasHof,"Oct 10th 2017, 23:59",2
Cloudlearning9,"Oct 10th 2017, 02:26",16
Sam0410,"Oct 6th 2017, 14:31",18
Obaid Raza,"Oct 4th 2017, 23:58",279
Noella94,"Oct 4th 2017, 02:52",224
Sofmonk,"Oct 3rd 2017, 00:14",21
Pradeep Nayak,"Oct 2nd 2017, 17:43",3
Neha Jha,"Oct 1st 2017, 09:41",140
RazeSoldier,"Sep 30th 2017, 19:52",892
Visu.rmk,"Sep 29th 2017, 22:38",3
Mridubhatnagar,"Sep 28th 2017, 12:42",22
CorrectHorseBatteryStapleWiki,"Sep 27th 2017, 09:09",1
Sean Madsen,"Sep 25th 2017, 19:57",3
Sowjanyavemuri,"Sep 25th 2017, 11:22",13
Neha Gupta,"Sep 23rd 2017, 10:11",50
Smarita,"Sep 23rd 2017, 02:30",102
Omid Hezaveh,"Sep 22nd 2017, 22:27",34
Pl217,"Sep 21st 2017, 14:22",17
Nidhi,"Sep 20th 2017, 06:39",5
Kowsalya,"Sep 13th 2017, 22:33",8
Casey Davenport,"Sep 12th 2017, 04:44",2
Panagis Alisandratos,"Sep 12th 2017, 00:21",1
deb.monish,"Sep 11th 2017, 19:42",1
Kamsuri,"Sep 10th 2017, 02:24",3
VeenaSankar,"Sep 9th 2017, 18:53",3
Naudefj,"Sep 9th 2017, 07:38",3
Duncan Crane,"Sep 9th 2017, 04:47",156
Shilad Sen,"Sep 8th 2017, 14:23",45
Andrew Hunt,"Sep 4th 2017, 21:07",1
Sunil4gerrit,"Aug 30th 2017, 01:23",10
Cooltey Feng,"Aug 24th 2017, 16:28",4099
Sharvaniharan,"Aug 23rd 2017, 12:55",2690
Cparle,"Aug 23rd 2017, 08:25",3027
Jitendra Purohit,"Aug 22nd 2017, 20:34",2
Ricky,"Aug 22nd 2017, 03:23",3
Alexander Misel,"Aug 20th 2017, 04:56",2
Mint Thompson,"Aug 18th 2017, 10:54",51
Jonathan,"Aug 17th 2017, 14:13",3
Prateek,"Aug 17th 2017, 00:01",3
Samuel Guebo,"Aug 16th 2017, 02:12",279
Thuva04,"Aug 14th 2017, 23:56",4
Seanchenldap,"Aug 14th 2017, 09:55",18
Melos,"Aug 12th 2017, 10:12",562
Jprorama,"Aug 11th 2017, 09:59",4
Mikaellindmark,"Aug 11th 2017, 06:01",33
Prakamya mishra,"Aug 11th 2017, 04:11",4
Envlh,"Aug 10th 2017, 17:40",36
Freddy2001,"Aug 10th 2017, 10:46",5
ShapeOfMatter,"Aug 9th 2017, 14:55",3
HakanIST,"Aug 9th 2017, 14:38",9
Rendann,"Aug 3rd 2017, 03:24",107
KenOokamiHoro,"Aug 2nd 2017, 19:28",6
Minhquan107,"Aug 2nd 2017, 02:18",8
Bekicot,"Jul 30th 2017, 23:58",25
NoRandom,"Jul 28th 2017, 01:49",28
Dolfinus,"Jul 26th 2017, 12:22",25
Debt,"Jul 24th 2017, 14:48",38
Dave123,"Jul 20th 2017, 10:35",6
Pablo Grass,"Jul 20th 2017, 06:40",8107
Duck,"Jul 17th 2017, 12:42",6
Jayprakash12345,"Jul 14th 2017, 10:14",4396
Fille,"Jul 12th 2017, 23:08",3
Dmaza,"Jul 12th 2017, 15:36",2130
Chrisneuroth,"Jul 11th 2017, 02:07",144
ZZhou (WMF),"Jul 7th 2017, 13:33",1
Shivangi,"Jul 6th 2017, 02:05",5
Simon04,"Jul 4th 2017, 04:01",239
ThomasEugeneBishop,"Jul 3rd 2017, 23:15",6
Austinoneil,"Jun 30th 2017, 23:53",22
Arsfiqball,"Jun 30th 2017, 23:47",6
Zache-tool,"Jun 30th 2017, 18:02",6
AlfredAfutu,"Jun 28th 2017, 11:58",2
landmapp,"Jun 28th 2017, 11:58",1
4shadoww,"Jun 28th 2017, 09:13",35
H0schi,"Jun 28th 2017, 08:36",3
Poikilotherm,"Jun 27th 2017, 07:39",21
Ssslinppp,"Jun 26th 2017, 08:01",3
Vagrant Default User,"Jun 25th 2017, 22:40",20
Dvorapa,"Jun 25th 2017, 04:49",6479
Namitius,"Jun 24th 2017, 09:29",8
Petar Petković,"Jun 22nd 2017, 06:04",5827
Marco Fossati,"Jun 20th 2017, 09:15",65
Vivektarwan,"Jun 15th 2017, 07:30",3
AMroczkowski,"Jun 14th 2017, 11:26",39
HarshitTiwari,"Jun 9th 2017, 06:57",6
Zoranzoki21,"Jun 8th 2017, 09:55",16783
Trizek,"Jun 7th 2017, 05:58",9
Yashasvi,"Jun 6th 2017, 09:11",115
Golopotw,"Jun 6th 2017, 08:56",64
0x010C,"Jun 5th 2017, 12:19",21
David Barratt,"Jun 2nd 2017, 13:44",4064
Vikramneo,"May 31st 2017, 16:52",3
Viktor3507,"May 31st 2017, 16:50",7
Riyadh.hossain,"May 31st 2017, 07:09",3
Ktrang,"May 30th 2017, 15:41",7
Herron,"May 30th 2017, 14:26",7184
Glorian WD,"May 29th 2017, 06:56",81
Paul Walko,"May 28th 2017, 18:07",25
Foxy brown,"May 26th 2017, 09:18",531
Mertyildiran,"May 25th 2017, 18:55",29
Surlycyborg,"May 25th 2017, 05:59",8
G9981,"May 23rd 2017, 05:06",1
JoHammer,"May 21st 2017, 03:06",31
Alexhusic,"May 21st 2017, 02:44",6
Innovimax,"May 21st 2017, 02:34",1
Jjanku,"May 20th 2017, 13:47",9
Nark0,"May 20th 2017, 10:37",14
Henry Huikeshoven,"May 20th 2017, 07:20",5
Srishti Sethi,"May 19th 2017, 14:34",480
Urbalazs,"May 19th 2017, 08:33",12
Lightjames,"May 18th 2017, 18:47",4
LegoFan4000,"May 16th 2017, 16:29",619
Egbe Eugene,"May 16th 2017, 05:03",1807
Ftferes,"May 14th 2017, 22:08",4
Charitwo,"May 11th 2017, 18:45",5
Krimokrimo007,"May 11th 2017, 13:00",12
Jalderete,"May 11th 2017, 07:52",3
Margaret Epps,"May 9th 2017, 10:56",3133
Quadrate,"May 9th 2017, 05:37",6
My.jhchoi,"May 7th 2017, 19:21",7
Jobodobo,"May 6th 2017, 03:16",5
Florian Rämisch,"May 3rd 2017, 05:32",3
Abián,"Apr 27th 2017, 13:42",370
Nigos,"Apr 26th 2017, 15:11",3
Joedval,"Apr 26th 2017, 03:31",3
graviton57,"Apr 23rd 2017, 14:11",3
AlexDrch,"Apr 21st 2017, 02:03",3
Gvozdet,"Apr 19th 2017, 03:16",94
Jcasariego,"Apr 12th 2017, 14:00",106
Joe Reeve,"Apr 12th 2017, 10:49",1
planetenxin,"Apr 11th 2017, 07:46",21
Drommk,"Apr 9th 2017, 07:09",14
Sfic,"Apr 7th 2017, 03:15",15
Mollgear,"Apr 6th 2017, 05:03",39
Ayounsi,"Apr 3rd 2017, 11:29",6325
GoranSMilovanovic,"Mar 30th 2017, 08:38",830
Felipe L. Ewald,"Mar 29th 2017, 21:38",55
Rammanojpotla,"Mar 27th 2017, 11:02",470
Reception123,"Mar 23rd 2017, 11:05",498
Gwawryk,"Mar 22nd 2017, 15:56",6
Fz-29,"Mar 18th 2017, 12:56",275
Louperivois,"Mar 17th 2017, 13:56",39
Even0202,"Mar 10th 2017, 06:58",5
[[mw:user:masti]],"Mar 7th 2017, 14:23",12
Shivamgera,"Feb 27th 2017, 10:13",12
Tojoy,"Feb 27th 2017, 01:15",3
Mine0901,"Feb 26th 2017, 23:15",8
MarcAbonce,"Feb 26th 2017, 21:08",15
Lucianprj,"Feb 26th 2017, 08:32",4
Nmoanta,"Feb 26th 2017, 07:29",3
Honeypot95,"Feb 26th 2017, 06:07",27
IulianR,"Feb 26th 2017, 03:45",10
Kosson,"Feb 26th 2017, 00:50",14
Crisbal,"Feb 25th 2017, 08:16",52
Codrut94,"Feb 25th 2017, 05:35",6
Toma.luca95,"Feb 15th 2017, 02:37",7
Enst80,"Feb 13th 2017, 07:40",210
Eddie Greiner-Petter,"Feb 12th 2017, 13:35",1257
Testing0922,"Feb 11th 2017, 06:48",3
Hall1467,"Feb 7th 2017, 14:10",62
Od1n,"Feb 7th 2017, 09:36",11
Gedda,"Feb 7th 2017, 08:53",4
GeoffreyT2000,"Feb 4th 2017, 11:06",1326
SimonWalkerAlt,"Feb 3rd 2017, 10:43",33
GuerellaNuke23,"Feb 2nd 2017, 14:15",85
Venkatvb,"Feb 1st 2017, 13:14",12
Nikssardana,"Feb 1st 2017, 03:48",3
Jaacs,"Jan 31st 2017, 23:51",3
JustBerry,"Jan 31st 2017, 13:54",12
Shanikae,"Jan 26th 2017, 22:43",22
Sandaru,"Jan 24th 2017, 10:20",13
Xiloynaha,"Jan 21st 2017, 10:58",4
Mingye Wang,"Jan 14th 2017, 07:44",31
Dmbaturin,"Jan 14th 2017, 07:05",7
Nasty,"Jan 13th 2017, 04:27",525
Probz360,"Jan 12th 2017, 22:01",14
Mihir-thakkar,"Jan 12th 2017, 15:24",18
Olga Bode,"Jan 12th 2017, 08:17",147
Sebastian Schlicht,"Jan 11th 2017, 09:06",93
Preus,"Jan 8th 2017, 15:54",17
Juniorsys,"Jan 7th 2017, 20:32",743
Kenstin,"Jan 7th 2017, 12:22",13
Mess,"Jan 7th 2017, 02:52",40
Vasudev Kamath,"Jan 6th 2017, 03:33",1
Joe Walsh,"Jan 4th 2017, 09:35",1489
Shoichi Chou,"Jan 4th 2017, 01:37",1
Gavinb,"Jan 2nd 2017, 12:41",21
Jcruz,"Jan 2nd 2017, 01:02",3
Awu42,"Dec 30th 2016, 09:01",53
mschwarzer,"Dec 29th 2016, 09:08",48
DatGuy,"Dec 25th 2016, 13:38",274
Mynk-96,"Dec 23rd 2016, 09:05",46
Seth,"Dec 22nd 2016, 15:08",9
seth,"Dec 22nd 2016, 15:08",5
Mainframe98,"Dec 22nd 2016, 10:54",1570
Pnorman,"Dec 19th 2016, 10:30",141
Mbeniamino,"Dec 19th 2016, 06:40",3
LukBukkit,"Dec 17th 2016, 02:34",301
IvanFon,"Dec 16th 2016, 19:23",31
Jonathan Champ,"Dec 16th 2016, 18:01",129
Ghybu,"Dec 14th 2016, 17:19",15
Fito,"Dec 14th 2016, 17:04",4
Fdans,"Dec 14th 2016, 09:28",3527
Jo12bar,"Dec 11th 2016, 20:49",36
XinyueZ,"Dec 10th 2016, 13:19",19
Howard X,"Dec 9th 2016, 23:50",1
Borisfba,"Dec 9th 2016, 08:34",43
Ethanlee,"Dec 9th 2016, 05:11",18
Josephine Lim,"Dec 8th 2016, 21:10",4
Hlakhara,"Dec 8th 2016, 06:46",8
Pppery,"Dec 7th 2016, 12:59",594
Eflyjason,"Dec 4th 2016, 22:49",394
Andrew Kostka,"Dec 2nd 2016, 05:17",1421
bekh,"Dec 2nd 2016, 02:56",4966
Divadsn,"Dec 1st 2016, 11:22",921
SacredWKnight,"Dec 1st 2016, 03:51",35
Dargasia,"Nov 30th 2016, 16:38",66
Phantom42,"Nov 29th 2016, 12:09",1104
Haikalizz,"Nov 29th 2016, 08:11",46
Shawn M. Jones,"Nov 29th 2016, 07:56",4
Filip,"Nov 29th 2016, 05:43",1265
ubuntu_user,"Nov 29th 2016, 01:03",134
Hjiang,"Nov 28th 2016, 09:49",14
P.doreau,"Nov 27th 2016, 08:35",10
Gauravbackback,"Nov 27th 2016, 06:29",3
Aftab,"Nov 26th 2016, 12:30",304
Kaartic Sivaraam,"Nov 19th 2016, 10:38",141
JKingsnorth,"Nov 14th 2016, 14:00",1
TerraCodes,"Nov 13th 2016, 14:50",810
Omeras,"Nov 13th 2016, 12:36",3
Adi1133,"Nov 12th 2016, 03:36",13
XXN,"Nov 11th 2016, 17:39",175
TameeshB,"Nov 11th 2016, 05:22",28
Nephron,"Nov 9th 2016, 21:51",23
Chrisludt,"Nov 8th 2016, 05:22",16
Clark,"Nov 7th 2016, 14:32",1
Framawiki,"Nov 5th 2016, 12:52",2935
Raspberrypy20,"Nov 4th 2016, 10:06",58
In1quity,"Oct 30th 2016, 16:27",247
Blackspirit96,"Oct 30th 2016, 11:01",53
Wikirina,"Oct 29th 2016, 09:24",13
Greta Doci,"Oct 29th 2016, 09:09",320
Juliahimmel,"Oct 29th 2016, 06:40",11
Oschposch,"Oct 29th 2016, 06:24",23
giorgia,"Oct 29th 2016, 04:59",3
R4q3NWnUx2CEhVyr,"Oct 25th 2016, 06:54",35
Lixxx235,"Oct 24th 2016, 21:27",4
MarySheikhha,"Oct 23rd 2016, 13:26",4
HarriA,"Oct 22nd 2016, 20:00",15
Pmiazga,"Oct 18th 2016, 14:18",6135
Jkmartindale,"Oct 17th 2016, 14:17",34
OdysseasKr,"Oct 15th 2016, 05:12",29
JameerBabu,"Oct 15th 2016, 02:32",24
Andy M. Wang,"Oct 8th 2016, 23:36",13
Kaveri97,"Oct 6th 2016, 04:16",3
refeed,"Oct 6th 2016, 01:56",736
Arseny1992,"Oct 5th 2016, 12:10",67
Amritsreekumar,"Oct 5th 2016, 06:37",199
Ben.imbushuo,"Oct 5th 2016, 01:10",5
Bingxing Wang,"Oct 5th 2016, 01:10",6
Arastu,"Oct 4th 2016, 03:20",3
Ashutosh1206,"Oct 3rd 2016, 01:27",7
Anantprsd5,"Oct 2nd 2016, 08:55",3
Kerberizer,"Oct 2nd 2016, 08:51",6
Sidhant-gupta-004,"Oct 2nd 2016, 08:36",8
Niknok,"Oct 1st 2016, 12:26",3
Lenzhao,"Sep 28th 2016, 23:19",3
Vimja,"Sep 27th 2016, 07:51",8
Jon Harald Søby,"Sep 26th 2016, 15:27",670
Ankit.0905,"Sep 25th 2016, 08:09",3
PranavAsty,"Sep 25th 2016, 02:41",8
SKrPl,"Sep 25th 2016, 02:28",4
Ayushjain19,"Sep 25th 2016, 02:28",15
Vyeshwanth,"Sep 25th 2016, 01:16",10
Aadith1996,"Sep 25th 2016, 01:09",24
Anoopchandu18,"Sep 25th 2016, 01:07",9
Soni,"Sep 25th 2016, 00:06",9
Nes,"Sep 24th 2016, 08:25",27
Shortstheory,"Sep 24th 2016, 08:11",11
Rajatmodi,"Sep 24th 2016, 05:04",7
Enigmaeth,"Sep 24th 2016, 04:58",66
Rohitt-wikipedia,"Sep 24th 2016, 04:41",30
Eadrwlo,"Sep 23rd 2016, 12:39",2
Mayank.jindal5,"Sep 23rd 2016, 02:34",6
Jc3s5h,"Sep 22nd 2016, 07:58",3
Rita Ho,"Sep 20th 2016, 15:52",31
Kavitha Muthu,"Sep 20th 2016, 15:49",161
Steven Orvis,"Sep 20th 2016, 04:40",12
Abc123,"Sep 19th 2016, 05:53",6
NahidSultan,"Sep 19th 2016, 03:29",3
Dejan Savuljesku,"Sep 19th 2016, 00:30",11721
Tjlsangria,"Sep 18th 2016, 18:58",65
Aparna a,"Sep 16th 2016, 04:25",3
Pragnavi,"Sep 15th 2016, 11:38",10
“pragnavi1398@gmail.com”,"Sep 15th 2016, 11:38",3
Sarath Chandrika,"Sep 15th 2016, 08:50",6
Mounicamergify,"Sep 15th 2016, 06:24",29
Himavarshini,"Sep 14th 2016, 20:22",3
Riyafa Abdul Hameed,"Sep 13th 2016, 03:05",4
Adam.slaski,"Sep 8th 2016, 06:51",22
محمد شعیب,"Sep 7th 2016, 10:34",401
Hboldra,"Sep 5th 2016, 13:55",4
Dhamu9690,"Sep 5th 2016, 10:40",3
Xkonsiv,"Sep 1st 2016, 11:04",11
Marostegui,"Sep 1st 2016, 02:08",36895
Anonymous contribution,"Aug 29th 2016, 15:51",1
Davide Imperati,"Aug 29th 2016, 10:12",1
Storedbox,"Aug 29th 2016, 10:06",2
J.zimnowoda,"Aug 26th 2016, 08:38",8
Racodond,"Aug 26th 2016, 02:06",7
Bináris2,"Aug 25th 2016, 08:44",12
Thibaut120094,"Aug 24th 2016, 03:31",12
Fauno,"Aug 23rd 2016, 21:05",2
Gerharddiller85,"Aug 17th 2016, 00:36",307
Vtingey,"Aug 16th 2016, 16:11",7
Juanmi 1041,"Aug 15th 2016, 12:55",7
Chelsyx,"Aug 15th 2016, 10:53",797
Cyberpower678,"Aug 12th 2016, 23:43",4
EdouardHue,"Aug 9th 2016, 15:43",14
Siddharth Parmar,"Aug 8th 2016, 11:09",85
Ben Davis,"Aug 5th 2016, 17:41",3
Alexander I. Mashin,"Jul 31st 2016, 06:27",55
AuFCL,"Jul 30th 2016, 16:38",3
MtMNC,"Jul 28th 2016, 17:41",204
Lisp.hippie,"Jul 28th 2016, 16:52",16
Tom29739,"Jul 26th 2016, 12:32",3
Shimondoodkin,"Jul 24th 2016, 03:50",2
Dachary,"Jul 21st 2016, 13:13",720
Stefahn,"Jul 19th 2016, 03:03",5
Joshua Hesketh,"Jul 18th 2016, 07:22",1
Music1201,"Jul 16th 2016, 22:05",8
Kharkiv07,"Jul 16th 2016, 21:07",15
Stang,"Jul 11th 2016, 07:39",2
googlelegacy,"Jul 7th 2016, 09:29",19
GerardM,"Jul 7th 2016, 08:11",1
Mathias Klette,"Jul 7th 2016, 02:27",1
Mklette,"Jul 7th 2016, 02:27",2
Schede,"Jul 5th 2016, 22:22",1
Clayjar,"Jun 30th 2016, 20:16",9
Xbony2,"Jun 26th 2016, 06:53",3
krishna keshav,"Jun 24th 2016, 14:05",11
LLarson,"Jun 24th 2016, 09:56",4
Psychoslave,"Jun 23rd 2016, 15:58",20
Chingsun,"Jun 23rd 2016, 01:59",16
Mgautierfr,"Jun 22nd 2016, 08:19",141
Aletundo,"Jun 21st 2016, 10:48",3
Silistri,"Jun 19th 2016, 12:41",4
Maturain,"Jun 19th 2016, 08:45",8
Christos Trochalakis,"Jun 17th 2016, 05:14",4
Thijs Kinkhorst,"Jun 15th 2016, 01:10",12
mhughes,"Jun 14th 2016, 09:53",3
Clyde D'Cruz,"Jun 14th 2016, 04:03",1
Timhyson,"Jun 9th 2016, 05:29",3
Sirishjoshi,"Jun 7th 2016, 21:25",16
MusikAnimal,"Jun 7th 2016, 14:27",1562
The Discoverer,"Jun 3rd 2016, 22:34",20
Link Mauve,"Jun 3rd 2016, 22:34",5
Lucas Werkmeister,"Jun 2nd 2016, 11:11",22763
Waxmiguel,"May 24th 2016, 09:13",1
Debian Live user,"May 23rd 2016, 15:16",6
Plato2000,"May 23rd 2016, 13:29",3
Pierre Boutet,"May 23rd 2016, 13:13",54
Kpascoe1977,"May 19th 2016, 08:43",5
Jan Dittrich,"May 19th 2016, 08:13",56
Lmike,"May 16th 2016, 16:33",3
Avik07011988,"May 16th 2016, 02:01",8
Intrications,"May 15th 2016, 10:29",9
Samantha Nguyen,"May 11th 2016, 14:18",4192
maxlath,"May 11th 2016, 11:59",17
Artem Kozlov,"May 11th 2016, 11:07",2
Andersonhowells,"May 10th 2016, 05:33",3
EladKeyshawn,"May 6th 2016, 06:39",25
Seamus Lee,"May 2nd 2016, 18:31",11
Andrew Perry,"May 2nd 2016, 17:36",1
Sethakill,"May 2nd 2016, 00:50",197
KOKOS250,"May 1st 2016, 14:27",14
Joel Aufrecht,"Apr 29th 2016, 11:38",4
Nethahussain,"Apr 29th 2016, 07:02",1
Davidleith,"Apr 29th 2016, 06:13",6
Asaenz,"Apr 28th 2016, 21:07",5
Thai,"Apr 26th 2016, 15:10",21
小璋丸,"Apr 25th 2016, 00:06",118
Zppix,"Apr 23rd 2016, 13:03",1645
Sebastian Berlin,"Apr 20th 2016, 05:45",751
Condorcent,"Apr 19th 2016, 18:57",10
Darenwelsh,"Apr 12th 2016, 16:54",19
Boshomi,"Apr 11th 2016, 11:51",6
Adedommelin,"Apr 9th 2016, 06:27",12
Edomaur,"Apr 9th 2016, 06:11",9
Jstenval,"Apr 9th 2016, 06:01",12
Nicko,"Apr 9th 2016, 04:08",61
Lseanlon,"Apr 5th 2016, 06:46",2
Martin Urbanec,"Apr 3rd 2016, 06:46",19929
VictorPorton,"Mar 30th 2016, 09:28",165
Dafna3,"Mar 29th 2016, 10:53",5
Nbdd0121,"Mar 24th 2016, 11:47",51
Rajkum4499,"Mar 19th 2016, 14:15",40
Zouzhicheng,"Mar 18th 2016, 00:01",3
Jameszou,"Mar 17th 2016, 19:02",10
Sudha Bisht,"Mar 16th 2016, 17:10",6
Sabyasachi Ruj,"Mar 16th 2016, 11:13",22
Quantum7,"Mar 15th 2016, 03:08",10
Sukeesh,"Mar 12th 2016, 13:19",13
Saurabhsuniljain,"Mar 12th 2016, 08:00",3
Ani1727,"Mar 12th 2016, 07:53",3
Ajayrahul P,"Mar 12th 2016, 06:11",12
Sidakpal,"Mar 12th 2016, 05:56",6
Vishal1796,"Mar 12th 2016, 05:46",3
Saurv4u,"Mar 12th 2016, 05:04",4
Utk95,"Mar 12th 2016, 03:59",12
Pankajeshkr,"Mar 12th 2016, 02:32",24
Vaishali Jain,"Mar 10th 2016, 14:34",18
Nikita jain,"Mar 10th 2016, 14:33",3
SharanLobana,"Mar 10th 2016, 12:06",6
TheCTOSian,"Mar 10th 2016, 08:55",1
Schenkerx,"Mar 10th 2016, 06:37",11
Maroloccio,"Mar 9th 2016, 19:51",41
Faithfullie,"Mar 7th 2016, 21:19",3
Lethexie,"Mar 7th 2016, 18:14",180
Tahteche,"Mar 6th 2016, 14:13",9
Jyoung,"Mar 5th 2016, 15:28",1
AbdealiJK,"Mar 5th 2016, 11:47",132
Harjotsingh,"Mar 3rd 2016, 10:41",584
JonasGroeger,"Mar 3rd 2016, 06:42",3
Ferveo,"Mar 1st 2016, 16:48",25
Steve Binkowski,"Feb 29th 2016, 22:24",2
Oetterer,"Feb 29th 2016, 10:59",72
Snowolf,"Feb 28th 2016, 10:09",2
Csyogi,"Feb 28th 2016, 03:23",7
Inyono,"Feb 25th 2016, 01:15",23
UltimateSupreme,"Feb 24th 2016, 07:39",12
Praveenraj,"Feb 23rd 2016, 05:24",1
hroest,"Feb 22nd 2016, 17:50",8
Jo-Jo Eumerus,"Feb 22nd 2016, 07:11",1
Ankanitti,"Feb 21st 2016, 15:29",5
Sayli,"Feb 20th 2016, 08:28",8
RamjiVE,"Feb 19th 2016, 01:40",1
Robbie Ferrero,"Feb 17th 2016, 11:41",14
Youni Verciti,"Feb 17th 2016, 06:46",161
Riccardo Coccioli,"Feb 10th 2016, 07:19",16932
Mbch331,"Feb 9th 2016, 11:26",171
Petr.matas,"Feb 8th 2016, 17:33",47
PhiLiP,"Feb 8th 2016, 03:57",26
Chris Burgess,"Feb 5th 2016, 09:25",6
Mattias Michaux,"Feb 5th 2016, 09:25",12
Felixonmars,"Feb 4th 2016, 07:09",3
Khoshalar,"Feb 1st 2016, 08:33",3
Aashaka,"Jan 29th 2016, 06:18",76
JosefAssad,"Jan 28th 2016, 08:19",8
Nschaaf,"Jan 27th 2016, 11:32",554
Harish halo,"Jan 25th 2016, 14:15",37
harish-halo,"Jan 25th 2016, 14:15",1
Keer25,"Jan 25th 2016, 13:55",7
Pratasaketh,"Jan 25th 2016, 10:17",3
Nambiarshiva,"Jan 24th 2016, 14:13",18
Goks107,"Jan 24th 2016, 13:14",3
Praneethtkonda,"Jan 24th 2016, 10:52",15
Setthemfree,"Jan 23rd 2016, 05:07",3
JulianEngel,"Jan 23rd 2016, 04:04",13
Bartek Łukawski,"Jan 22nd 2016, 16:49",23
MGChecker,"Jan 22nd 2016, 06:21",1083
Guillaume Lederrey,"Jan 20th 2016, 16:26",21142
Joe Sutherland,"Jan 17th 2016, 18:47",42
Suriyaa Kudo,"Jan 16th 2016, 06:58",88
Luca Toscano,"Jan 13th 2016, 16:01",32524
nomoa,"Jan 11th 2016, 17:33",1
Sam Tarling,"Jan 11th 2016, 13:35",117
Stigmj,"Jan 11th 2016, 13:11",51
Cody3647,"Jan 10th 2016, 15:34",14
Mehtab98,"Jan 9th 2016, 08:04",6
Mavrikant,"Jan 8th 2016, 00:35",2
Emanuele Rocca,"Jan 7th 2016, 16:55",18660
Steve Bonds,"Jan 6th 2016, 06:52",4
TiHoX1,"Jan 5th 2016, 13:04",21
TehDmitry,"Jan 5th 2016, 04:17",3
Jaideraf,"Jan 3rd 2016, 10:53",3
rluts,"Jan 2nd 2016, 13:24",14
StudiesWorld,"Dec 31st 2015, 12:24",8
Ani310,"Dec 31st 2015, 05:40",20
Jiri Sedlacek,"Dec 27th 2015, 04:44",4
Tacsipacsi,"Dec 26th 2015, 11:40",204
Nicoco007,"Dec 24th 2015, 12:12",36
Jhf2442,"Dec 21st 2015, 15:58",3
Justin Leung,"Dec 20th 2015, 22:32",2
Garrett LeSage,"Dec 19th 2015, 08:36",1
JadeMaveric,"Dec 17th 2015, 23:28",83
Billinghurst,"Dec 17th 2015, 13:59",3
Satoru,"Dec 16th 2015, 15:22",3
Anghilerialessio,"Dec 16th 2015, 06:29",3
Tulsi Bhagat,"Dec 16th 2015, 01:52",537
disamwwang,"Dec 15th 2015, 09:23",26
IKhitron,"Dec 15th 2015, 06:50",4
Llyrian,"Dec 14th 2015, 14:37",75
IoannisKydonis,"Dec 14th 2015, 14:32",611
coderwassananmol,"Dec 14th 2015, 10:35",54
AndyTechGuy,"Dec 13th 2015, 12:03",64
Victorbarbu,"Dec 13th 2015, 02:14",482
victorbarbu,"Dec 13th 2015, 02:14",1
JustinLeung,"Dec 12th 2015, 11:10",18
Neonowy,"Dec 10th 2015, 13:39",40
KaiCode,"Dec 9th 2015, 20:56",16
Sanjay311999,"Dec 8th 2015, 09:04",18
Abdumuhaimin,"Dec 8th 2015, 02:05",18
Justin Du,"Dec 7th 2015, 16:33",2175
Mhutti1,"Dec 7th 2015, 14:49",449
Ananay,"Dec 7th 2015, 12:30",191
Albert221,"Dec 7th 2015, 10:59",594
Vadiraja.k,"Dec 7th 2015, 09:04",48
Billm,"Dec 7th 2015, 05:40",77
Ed Hoo,"Dec 6th 2015, 15:16",58
Vincent Bernat,"Dec 5th 2015, 11:24",2
Ron.baasland,"Dec 4th 2015, 17:29",3
Isart,"Nov 30th 2015, 07:06",11
Aschroet,"Nov 26th 2015, 10:40",3
Wojsal,"Nov 25th 2015, 05:26",7
2nd-player,"Nov 24th 2015, 00:34",13
Loaner494,"Nov 23rd 2015, 06:44",1
CodingPower47,"Nov 22nd 2015, 19:06",3
Opatel99,"Nov 22nd 2015, 08:41",3
PlasmaPower,"Nov 21st 2015, 18:30",53
Sealskej,"Nov 17th 2015, 17:46",13
Darthbhyrava,"Nov 8th 2015, 22:24",241
Coleman Watts,"Nov 5th 2015, 09:17",6
Ingo Mueller,"Oct 30th 2015, 08:14",7
Ingo Müller,"Oct 26th 2015, 01:28",25
Akangupt,"Oct 25th 2015, 01:47",11
Mww113,"Oct 23rd 2015, 20:31",6
Jdrewniak,"Oct 23rd 2015, 09:44",5812
monishdeb,"Oct 23rd 2015, 01:37",2
Perside Rosalie,"Oct 21st 2015, 18:28",1897
DanReyLop,"Oct 17th 2015, 06:21",57
Tobias47n9e,"Oct 15th 2015, 14:52",26
Julien Girault,"Oct 13th 2015, 15:26",1834
ArthurPSmith,"Oct 12th 2015, 13:56",147
Tokencolour,"Oct 12th 2015, 04:10",4
Wilkins,"Oct 12th 2015, 00:11",79
DLynch,"Oct 6th 2015, 14:48",4366
Rajdeep05,"Oct 4th 2015, 00:51",11
C0nnex,"Oct 3rd 2015, 12:36",17
Matt Fitzpatrick,"Oct 3rd 2015, 05:18",100
Saptak013,"Oct 2nd 2015, 12:04",20
Eminn,"Sep 30th 2015, 08:02",1
Carsonoid,"Sep 25th 2015, 10:19",4
Ciprian,"Sep 25th 2015, 02:50",18
ciprian,"Sep 25th 2015, 02:50",1
Shloub,"Sep 24th 2015, 20:47",3
Stephmonette,"Sep 23rd 2015, 10:39",54
Liamcampbell,"Sep 23rd 2015, 10:30",2
Jrf,"Sep 17th 2015, 10:21",6
Andrew Gallant,"Sep 17th 2015, 10:19",10
D3r1ck01,"Sep 15th 2015, 05:06",14977
Yoonghm,"Sep 14th 2015, 07:34",47
Collimator,"Sep 12th 2015, 13:51",3
TasneemLo,"Sep 11th 2015, 12:40",108
Anmolkalia,"Sep 10th 2015, 12:41",3
Nathancarter5,"Sep 7th 2015, 08:36",2
Johannes Kroll,"Sep 7th 2015, 06:38",517
Aybuke,"Sep 4th 2015, 06:54",4
Daniel Vogel,"Sep 4th 2015, 00:18",2875
Sukar,"Sep 3rd 2015, 17:34",3
Ian Wienand,"Sep 3rd 2015, 02:40",2
Timothy Chavez,"Sep 3rd 2015, 02:40",2
Luke081515,"Sep 3rd 2015, 01:56",1098
Freephile,"Sep 2nd 2015, 13:01",55
Eileen McNaughton,"Aug 31st 2015, 17:51",15157
Mikhail Popov,"Aug 31st 2015, 14:54",4072
Jan Berkel,"Aug 28th 2015, 17:43",96
Adishaporwal,"Aug 23rd 2015, 14:02",86
MatthiasDD,"Aug 22nd 2015, 14:50",72
Phedenskog,"Aug 21st 2015, 16:44",3220
MarcoAurelio,"Aug 21st 2015, 04:53",15297
Galeksic,"Aug 20th 2015, 05:17",5
Mroszka,"Aug 19th 2015, 23:54",8
tools.heritage,"Aug 19th 2015, 16:14",6
Matěj Suchánek,"Aug 16th 2015, 08:05",5548
Asadsalman,"Aug 14th 2015, 18:13",25
Julialongtin,"Aug 12th 2015, 16:27",3
Urhixidur,"Aug 9th 2015, 05:23",9
Haritha28,"Aug 8th 2015, 02:48",255
Devirk,"Aug 8th 2015, 02:44",342
Abhinand,"Aug 7th 2015, 23:03",60
Srdjan m,"Aug 7th 2015, 03:37",11
Ryan Glasnapp,"Aug 6th 2015, 07:42",13
C holtermann,"Aug 6th 2015, 04:17",8
Tilman Bayer,"Aug 5th 2015, 11:56",67
Zifnab06,"Aug 3rd 2015, 15:11",7
Firebus,"Aug 2nd 2015, 21:59",6
Emanspeaks,"Jul 31st 2015, 15:39",19
GoldenRing,"Jul 29th 2015, 02:04",4
Tar Lócesilion,"Jul 28th 2015, 09:21",1
Leszek Manicki,"Jul 28th 2015, 09:00",15788
Avicennasis,"Jul 26th 2015, 16:16",50
Sbgujarat,"Jul 22nd 2015, 01:48",11
NehalDaveND,"Jul 22nd 2015, 01:40",24
Xavier Combelle,"Jul 20th 2015, 08:37",6
LFaraone,"Jul 19th 2015, 10:02",136
Oznogon,"Jul 19th 2015, 09:38",13
Homlhl,"Jul 18th 2015, 03:41",5
BdeRu,"Jul 17th 2015, 04:20",18
Agx,"Jul 16th 2015, 16:39",5
Whyameri,"Jul 10th 2015, 08:50",45
Leonid Verhovskij,"Jul 9th 2015, 03:18",1338
Benedikt Hofmann,"Jul 9th 2015, 02:02",155
Josve05a,"Jul 8th 2015, 13:22",6
Tjones,"Jul 7th 2015, 13:52",1904
MagikCow,"Jul 6th 2015, 18:39",1
MidPhoto,"Jul 5th 2015, 08:00",14
Cgardner,"Jul 4th 2015, 21:52",3
Elee,"Jul 2nd 2015, 11:08",41
Jonas Kress,"Jul 1st 2015, 10:50",8404
Ppchelko,"Jun 29th 2015, 03:25",12677
Dyiop,"Jun 25th 2015, 07:29",39
Harej,"Jun 24th 2015, 20:04",1343
Frederic Mohr,"Jun 24th 2015, 00:19",3
SpyTec,"Jun 22nd 2015, 15:32",5
Elyashiv,"Jun 21st 2015, 04:56",7
Sulhan,"Jun 19th 2015, 12:51",17
Dominic.sauer,"Jun 19th 2015, 03:35",102
Tamslo,"Jun 18th 2015, 11:39",113
Andreasburmeister,"Jun 18th 2015, 11:23",130
Jonaskeutel,"Jun 18th 2015, 11:21",114
Riggan,"Jun 13th 2015, 13:54",3
DennisRoczek,"Jun 12th 2015, 13:09",20
David Causse,"Jun 11th 2015, 07:14",18814
Dpatrick,"Jun 10th 2015, 00:04",344
Fred Emmott,"Jun 9th 2015, 14:57",4
Frog23,"Jun 8th 2015, 07:24",9
rgaudin,"Jun 6th 2015, 15:51",6
Kevin Forbes,"Jun 4th 2015, 11:56",73
APerson,"Jun 4th 2015, 09:57",45
Ofus,"Jun 4th 2015, 05:26",2
AkshitKumar,"Jun 1st 2015, 17:13",20
XenoRyet,"Jun 1st 2015, 15:22",2583
Pikne,"May 31st 2015, 02:30",93
Rich Farmbrough,"May 30th 2015, 07:47",4
Nicolas Raoul,"May 25th 2015, 21:43",22
luigibillat,"May 25th 2015, 06:47",2
Volker Eckl,"May 25th 2015, 04:43",18514
Edlira,"May 24th 2015, 15:43",23
Galorefitz,"May 24th 2015, 15:10",234
Moushira,"May 23rd 2015, 08:37",5
Rahulpatel,"May 20th 2015, 03:17",6
Kittensofdoom,"May 16th 2015, 13:23",5
casey,"May 15th 2015, 14:21",3155
Kamran Mackey,"May 14th 2015, 02:26",7
Dominics,"May 13th 2015, 17:39",3
Jan Lebert,"May 13th 2015, 14:39",666
Jaime Crespo,"May 13th 2015, 02:26",30628
Chameleon,"May 12th 2015, 02:49",11
Syncgithubbot,"May 4th 2015, 07:36",6
Sweetchuck74,"Apr 30th 2015, 10:12",6
Sergey Leschina,"Apr 30th 2015, 00:38",88
Sylvain Boissel,"Apr 29th 2015, 12:53",2
Iwan Novirion,"Apr 28th 2015, 03:21",2
Neil Shah-Quinn,"Apr 27th 2015, 11:23",75
Soeren.oldag,"Apr 24th 2015, 07:27",407
Danny Horn,"Apr 22nd 2015, 15:52",6
Feifeiwang7,"Apr 21st 2015, 14:41",3
Hammertkh,"Apr 18th 2015, 04:25",4
Madhuvishy,"Apr 14th 2015, 14:22",3796
Sharmaans,"Apr 13th 2015, 14:07",38
Brijeshks,"Apr 13th 2015, 01:40",5
Moritz Muehlenhoff,"Apr 8th 2015, 08:48",32962
Alexey,"Apr 8th 2015, 06:36",4
Stephane Bisson,"Apr 7th 2015, 13:22",10553
Ecdsa,"Apr 7th 2015, 00:42",2
Sergey Lukjanov,"Apr 2nd 2015, 20:00",1
Shanmugamp7,"Apr 1st 2015, 09:53",34
Srcjunior,"Apr 1st 2015, 08:47",8
Dragons flight,"Mar 31st 2015, 17:46",163
Mholloway,"Mar 31st 2015, 09:19",24696
Frédéric Bolduc,"Mar 27th 2015, 09:55",605
Hharchani,"Mar 27th 2015, 00:36",12
Stu,"Mar 23rd 2015, 19:51",1
Alpha,"Mar 23rd 2015, 16:05",13
ayushimrigen,"Mar 23rd 2015, 08:13",12
Edward Chernenko,"Mar 20th 2015, 09:50",578
Ankita-ks,"Mar 19th 2015, 15:55",318
Brandon CS Sanders,"Mar 16th 2015, 14:30",11
Stephen Niedzielski,"Mar 15th 2015, 18:08",23384
Ujjwalwahi,"Mar 15th 2015, 13:43",4
Clump,"Mar 14th 2015, 10:41",61
Kyle0692,"Mar 12th 2015, 16:18",16
Akashagarwal,"Mar 12th 2015, 14:54",23
AdSvS,"Mar 11th 2015, 06:26",39
Eevans,"Mar 10th 2015, 14:01",3273
Pmlineditor,"Mar 9th 2015, 04:12",121
Negative24,"Mar 7th 2015, 16:42",196
Darkdragon09,"Mar 5th 2015, 00:33",13
Ubuntu,"Mar 5th 2015, 00:33",12
Lmorillas,"Mar 4th 2015, 11:41",4
jlemley,"Mar 1st 2015, 21:12",38
Christopher,"Mar 1st 2015, 10:43",2
GZWDer,"Mar 1st 2015, 03:19",21
Rits,"Feb 26th 2015, 03:31",79
Anemirovsky,"Feb 25th 2015, 12:22",10
ning,"Feb 24th 2015, 07:12",2
Kovl,"Feb 24th 2015, 01:00",10
LNDDYL,"Feb 24th 2015, 00:09",21
Joseph Allemandou,"Feb 23rd 2015, 10:27",8228
TheMetalHead1999,"Feb 20th 2015, 17:39",4
Christoph Fischer,"Feb 20th 2015, 01:46",10704
Miquel Sabaté,"Feb 20th 2015, 00:15",5
godog,"Feb 19th 2015, 03:05",1
QEDK,"Feb 18th 2015, 06:50",221
Iltever,"Feb 18th 2015, 04:19",1
TakahashiNZ,"Feb 15th 2015, 15:22",13
Dragan Espenschied,"Feb 14th 2015, 16:06",7
VcamX,"Feb 14th 2015, 00:43",293
Whaterss,"Feb 13th 2015, 19:05",2
Pratikbsp,"Feb 12th 2015, 13:44",20
Tyler Cipriani,"Feb 12th 2015, 11:59",9758
Mikaelstaldal,"Feb 12th 2015, 07:05",15
Gerardduenas,"Feb 10th 2015, 06:12",78
Jkatz,"Feb 9th 2015, 15:32",8
CAS222222221,"Feb 9th 2015, 04:18",4
Jarrettmunton,"Feb 8th 2015, 15:25",72
Cenarium,"Feb 7th 2015, 00:42",3213
Jacksonisaac,"Feb 6th 2015, 12:43",6
Kenrick95,"Feb 5th 2015, 17:02",18
Nirzar Pangarkar,"Feb 4th 2015, 13:59",137
Mobrovac,"Feb 4th 2015, 11:00",17747
mgooley,"Feb 3rd 2015, 21:43",60
AYUSH GARG,"Feb 3rd 2015, 08:50",152
Matthiaspalmer,"Feb 3rd 2015, 02:34",20
Dbarrett,"Jan 31st 2015, 09:17",26
AndySky21,"Jan 30th 2015, 13:51",1
Gvaibhavraj2,"Jan 30th 2015, 12:07",11
Matt Robenolt,"Jan 29th 2015, 20:00",3
Etonkovidova,"Jan 28th 2015, 11:53",190
Gitgerrit,"Jan 28th 2015, 06:13",3
Jgoettlich,"Jan 21st 2015, 06:17",103
Anishvisa,"Jan 19th 2015, 08:11",29
Gnouan007,"Jan 19th 2015, 05:54",2
Истенный,"Jan 16th 2015, 03:49",2
Ellery,"Jan 15th 2015, 18:16",4
Ewulczyn,"Jan 15th 2015, 18:16",6
NoahM,"Jan 14th 2015, 16:46",10
Rastus Vernon,"Jan 14th 2015, 14:36",3
Girlwithglasses,"Jan 13th 2015, 17:00",9
Alessio,"Jan 13th 2015, 01:20",10
ak792,"Jan 12th 2015, 16:52",3
Brian Gerstle,"Jan 12th 2015, 14:31",1877
Fjalapeno,"Jan 12th 2015, 13:49",1998
Mjbmr,"Jan 11th 2015, 23:47",1405
Harmageddon,"Jan 10th 2015, 13:09",17
Tr4nt0r,"Jan 9th 2015, 01:06",31
Ananthrk,"Jan 8th 2015, 10:18",58
Sputniza,"Jan 7th 2015, 09:24",13
Cwek,"Jan 6th 2015, 21:16",17
Abartov,"Jan 6th 2015, 19:25",25
PranavK,"Jan 3rd 2015, 23:05",617
pere_prlpz,"Jan 2nd 2015, 00:59",3
RowanBeentje,"Dec 30th 2014, 15:05",6
RuchirangaW,"Dec 30th 2014, 10:56",4
Indielives010,"Dec 28th 2014, 12:22",26
McIntireEvan,"Dec 27th 2014, 15:01",206
Georggi199,"Dec 27th 2014, 01:49",584
Polybuildr,"Dec 24th 2014, 03:27",1185
Phoenix303,"Dec 23rd 2014, 12:23",948
Sumit,"Dec 21st 2014, 06:20",1350
Ruboudew,"Dec 21st 2014, 02:59",5
 Benjamín Valero Espinosa ,"Dec 21st 2014, 02:07",11
Hubertchang,"Dec 18th 2014, 06:39",2
Daniel Schwen,"Dec 17th 2014, 12:38",9
Namit,"Dec 16th 2014, 22:14",78
Fhocutt,"Dec 16th 2014, 13:04",194
Calvin Buckley,"Dec 15th 2014, 15:58",4
Unicornisaurous,"Dec 13th 2014, 11:50",720
Nic Jansma,"Dec 11th 2014, 14:12",8
Joosep-Georg,"Dec 11th 2014, 12:45",2
Slepice1,"Dec 11th 2014, 05:07",43
Anshoe,"Dec 10th 2014, 11:38",87
Daviskr,"Dec 9th 2014, 21:48",44
DikkieDick,"Dec 8th 2014, 04:33",1
Kronf,"Dec 6th 2014, 07:48",6
Sesh,"Dec 6th 2014, 00:15",4
David392,"Dec 4th 2014, 23:15",3
Ljudusika,"Dec 4th 2014, 13:56",8
Mlawnik,"Dec 3rd 2014, 10:38",47
Jdouglas,"Dec 2nd 2014, 13:46",550
Unicodesnowman,"Dec 1st 2014, 21:59",391
Mloc-gci,"Dec 1st 2014, 13:11",24
Temptuousinsolence,"Dec 1st 2014, 02:48",2
Dpstokesnz,"Nov 30th 2014, 17:07",13
joe,"Nov 29th 2014, 23:12",10
Stan,"Nov 25th 2014, 04:52",261
Github,"Nov 21st 2014, 13:34",8
Stanislav Malyshev,"Nov 20th 2014, 16:30",21367
Ratin,"Nov 20th 2014, 07:23",1
Rtnpro,"Nov 18th 2014, 09:39",37
Reticulated Spline,"Nov 16th 2014, 15:43",7
Tiefpunkt,"Nov 15th 2014, 17:22",5
papaul,"Nov 14th 2014, 10:03",2541
Chris Koerner,"Nov 13th 2014, 12:51",32
Joyceg,"Nov 6th 2014, 06:57",16
Lubaochuan,"Nov 5th 2014, 22:21",51
Darkoneko,"Nov 5th 2014, 03:10",4
Rahdev,"Nov 3rd 2014, 09:44",17
Csersoft,"Nov 2nd 2014, 20:42",2
HermannSchwaerzler,"Oct 29th 2014, 08:14",9
Jason.ji,"Oct 24th 2014, 10:39",255
Keegan,"Oct 24th 2014, 09:09",22
Dkonto,"Oct 24th 2014, 00:51",2
Federico Giraud,"Oct 23rd 2014, 18:08",3
TBloemink,"Oct 23rd 2014, 13:25",2
Shizhao,"Oct 23rd 2014, 02:44",223
Kji,"Oct 22nd 2014, 14:28",435
Shiminsh,"Oct 21st 2014, 10:26",6
